{"label": 1, "event": "S", "tstamp": 1.2854566658989888, "dist": 0.0, "_child0": {"label": 2, "event": "S", "tstamp": 0.8132164435188102, "dist": 0.4722402223801786, "_child0": {"label": 4, "event": "S", "tstamp": 0.6792221424103189, "dist": 0.1339943011084913, "_child0": {"label": 7, "event": "S", "tstamp": 0.11663667959998603, "dist": 0.5625854628103328, "_child0": {"label": 8, "event": "S", "tstamp": 0.0, "dist": 0.11663667959998603}, "_child1": {"label": 9, "event": "S", "tstamp": 0.0, "dist": 0.11663667959998603}}, "_child1": {"label": 6, "event": "S", "tstamp": 0.0, "dist": 0.6792221424103189}}, "_child1": {"label": 5, "event": "S", "tstamp": 0.0, "dist": 0.8132164435188102}}, "_child1": {"label": 3, "event": "S", "tstamp": 0.0, "dist": 1.2854566658989888}}