{"label": 1, "event": "S", "tstamp": 4.9397846476085, "dist": 0.0, "_child0": {"label": 3, "event": "S", "tstamp": 3.585725979720338, "dist": 1.3540586678881619, "_child0": {"label": 5, "event": "S", "tstamp": 3.1397886377209625, "dist": 0.4459373419993753, "_child0": {"label": 7, "event": "S", "tstamp": 3.132736292798762, "dist": 0.007052344922200415, "_child0": {"label": 9, "event": "S", "tstamp": 2.6817878604180176, "dist": 0.45094843238074445, "_child0": {"label": 11, "event": "S", "tstamp": 1.9588131360572008, "dist": 0.7229747243608169, "_child0": {"label": 33, "event": "S", "tstamp": 1.9231396975213682, "dist": 0.0356734385358326, "_child0": {"label": 35, "event": "S", "tstamp": 1.8980247568441224, "dist": 0.025114940677245734, "_child0": {"label": 37, "event": "S", "tstamp": 1.880219356318801, "dist": 0.017805400525321424, "_child0": {"label": 39, "event": "S", "tstamp": 1.742510185164905, "dist": 0.13770917115389603, "_child0": {"label": 41, "event": "S", "tstamp": 1.6925193577725404, "dist": 0.0499908273923646, "_child0": {"label": 42, "event": "S", "tstamp": 0.0, "dist": 1.6925193577725404}, "_child1": {"label": 43, "event": "S", "tstamp": 0.0, "dist": 1.6925193577725404}}, "_child1": {"label": 40, "event": "S", "tstamp": 0.0, "dist": 1.742510185164905}}, "_child1": {"label": 38, "event": "S", "tstamp": 1.4420583803268485, "dist": 0.4381609759919525, "_child0": {"label": 49, "event": "S", "tstamp": 1.431712786696112, "dist": 0.010345593630736616, "_child0": {"label": 51, "event": "S", "tstamp": 1.4185543755243177, "dist": 0.013158411171794171, "_child0": {"label": 53, "event": "S", "tstamp": 1.4052179393789972, "dist": 0.01333643614532054, "_child0": {"label": 57, "event": "S", "tstamp": 1.3138479696326968, "dist": 0.0913699697463004, "_child0": {"label": 59, "event": "S", "tstamp": 0.3140484438166027, "dist": 0.9997995258160941, "_child0": {"label": 153, "event": "S", "tstamp": 0.29669923489776107, "dist": 0.01734920891884162, "_child0": {"label": 154, "event": "S", "tstamp": 0.18587337130143045, "dist": 0.11082586359633062, "_child0": {"label": 165, "event": "S", "tstamp": 0.184374113816971, "dist": 0.0014992574844594486, "_child0": {"label": 167, "event": "S", "tstamp": 0.17664465029199583, "dist": 0.007729463524975166, "_child0": {"label": 168, "event": "S", "tstamp": 0.0, "dist": 0.17664465029199583}, "_child1": {"label": 169, "event": "S", "tstamp": 0.0, "dist": 0.17664465029199583}}, "_child1": {"label": 166, "event": "S", "tstamp": 0.16784901905408667, "dist": 0.01652509476288433, "_child0": {"label": 170, "event": "S", "tstamp": 0.0, "dist": 0.16784901905408667}, "_child1": {"label": 171, "event": "S", "tstamp": 0.0, "dist": 0.16784901905408667}}}, "_child1": {"label": 164, "event": "S", "tstamp": 0.0, "dist": 0.18587337130143045}}, "_child1": {"label": 155, "event": "S", "tstamp": 0.0, "dist": 0.29669923489776107}}, "_child1": {"label": 152, "event": "S", "tstamp": 0.0, "dist": 0.3140484438166027}}, "_child1": {"label": 58, "event": "S", "tstamp": 0.0, "dist": 1.3138479696326968}}, "_child1": {"label": 56, "event": "S", "tstamp": 0.0, "dist": 1.4052179393789972}}, "_child1": {"label": 52, "event": "S", "tstamp": 0.406941112781376, "dist": 1.0116132627429417, "_child0": {"label": 141, "event": "S", "tstamp": 0.39492454505254493, "dist": 0.012016567728831085, "_child0": {"label": 142, "event": "S", "tstamp": 0.3695638135790311, "dist": 0.02536073147351381, "_child0": {"label": 145, "event": "S", "tstamp": 0.36149539471955716, "dist": 0.008068418859473958, "_child0": {"label": 146, "event": "S", "tstamp": 0.0, "dist": 0.36149539471955716}, "_child1": {"label": 147, "event": "S", "tstamp": 0.0, "dist": 0.36149539471955716}}, "_child1": {"label": 144, "event": "S", "tstamp": 0.0, "dist": 0.3695638135790311}}, "_child1": {"label": 143, "event": "S", "tstamp": 0.0, "dist": 0.39492454505254493}}, "_child1": {"label": 140, "event": "S", "tstamp": 0.0, "dist": 0.406941112781376}}}, "_child1": {"label": 50, "event": "S", "tstamp": 1.4091470981740866, "dist": 0.02256568852202534, "_child0": {"label": 54, "event": "S", "tstamp": 0.7572581580445945, "dist": 0.6518889401294921, "_child0": {"label": 101, "event": "S", "tstamp": 0.7434251518904231, "dist": 0.013833006154171379, "_child0": {"label": 102, "event": "S", "tstamp": 0.7258967598660675, "dist": 0.017528392024355632, "_child0": {"label": 105, "event": "S", "tstamp": 0.7092868482806569, "dist": 0.016609911585410586, "_child0": {"label": 106, "event": "S", "tstamp": 0.6549230448299026, "dist": 0.05436380345075431, "_child0": {"label": 109, "event": "S", "tstamp": 0.01406558051653306, "dist": 0.6408574643133695, "_child0": {"label": 193, "event": "S", "tstamp": 0.013943723294865151, "dist": 0.00012185722166790924, "_child0": {"label": 194, "event": "S", "tstamp": 0.0025235298183918786, "dist": 0.011420193476473273, "_child0": {"label": 197, "event": "S", "tstamp": 0.00042518876425479135, "dist": 0.0020983410541370873, "_child0": {"label": 198, "event": "S", "tstamp": 0.0, "dist": 0.00042518876425479135}, "_child1": {"label": 199, "event": "S", "tstamp": 0.0, "dist": 0.00042518876425479135}}, "_child1": {"label": 196, "event": "S", "tstamp": 0.0, "dist": 0.0025235298183918786}}, "_child1": {"label": 195, "event": "S", "tstamp": 0.0, "dist": 0.013943723294865151}}, "_child1": {"label": 192, "event": "S", "tstamp": 0.0, "dist": 0.01406558051653306}}, "_child1": {"label": 108, "event": "S", "tstamp": 0.0, "dist": 0.6549230448299026}}, "_child1": {"label": 107, "event": "S", "tstamp": 0.6237265765801654, "dist": 0.08556027170049152, "_child0": {"label": 114, "event": "S", "tstamp": 0.0, "dist": 0.6237265765801654}, "_child1": {"label": 115, "event": "S", "tstamp": 0.0, "dist": 0.6237265765801654}}}, "_child1": {"label": 104, "event": "S", "tstamp": 0.631486747561194, "dist": 0.09441001230487345, "_child0": {"label": 112, "event": "S", "tstamp": 0.0, "dist": 0.631486747561194}, "_child1": {"label": 113, "event": "S", "tstamp": 0.0, "dist": 0.631486747561194}}}, "_child1": {"label": 103, "event": "S", "tstamp": 0.6514771852949011, "dist": 0.09194796659552207, "_child0": {"label": 110, "event": "S", "tstamp": 0.0, "dist": 0.6514771852949011}, "_child1": {"label": 111, "event": "S", "tstamp": 0.0, "dist": 0.6514771852949011}}}, "_child1": {"label": 100, "event": "S", "tstamp": 0.0, "dist": 0.7572581580445945}}, "_child1": {"label": 55, "event": "S", "tstamp": 0.0, "dist": 1.4091470981740866}}}, "_child1": {"label": 48, "event": "S", "tstamp": 1.1567254078784943, "dist": 0.2853329724483542, "_child0": {"label": 73, "event": "S", "tstamp": 1.1277104274223007, "dist": 0.029014980456193662, "_child0": {"label": 75, "event": "S", "tstamp": 1.0763769831850523, "dist": 0.05133344423724839, "_child0": {"label": 76, "event": "S", "tstamp": 0.0, "dist": 1.0763769831850523}, "_child1": {"label": 77, "event": "S", "tstamp": 0.0, "dist": 1.0763769831850523}}, "_child1": {"label": 74, "event": "S", "tstamp": 1.0521057038125248, "dist": 0.07560472360977588, "_child0": {"label": 78, "event": "S", "tstamp": 0.0, "dist": 1.0521057038125248}, "_child1": {"label": 79, "event": "S", "tstamp": 0.0, "dist": 1.0521057038125248}}}, "_child1": {"label": 72, "event": "S", "tstamp": 0.0, "dist": 1.1567254078784943}}}}, "_child1": {"label": 36, "event": "S", "tstamp": 0.0, "dist": 1.8980247568441224}}, "_child1": {"label": 34, "event": "S", "tstamp": 0.0, "dist": 1.9231396975213682}}, "_child1": {"label": 32, "event": "S", "tstamp": 1.2834221706008622, "dist": 0.6753909654563386, "_child0": {"label": 61, "event": "S", "tstamp": 1.2778599200662404, "dist": 0.005562250534621782, "_child0": {"label": 63, "event": "S", "tstamp": 0.8762342951799047, "dist": 0.4016256248863357, "_child0": {"label": 89, "event": "S", "tstamp": 0.8558783944756518, "dist": 0.02035590070425286, "_child0": {"label": 91, "event": "S", "tstamp": 0.16587221161482013, "dist": 0.6900061828608317, "_child0": {"label": 173, "event": "S",